hotspot_id,fecha_hora_col,fecha_hora_utc,fecha_local,latitud,longitud,fuente,satelite,sensor,temperatura_c,temperatura_alt_c,frp_mw,confianza,captura,scan_km,track_km,escenario_a,escenario_b,fuente_archivo,fecha_descarga_utc
21b34a044227807bc4e99cad,2026-10-01T00:14-05:00,2026-10-01T05:14:00Z,2026-10-01,5.9933,-68.85434,VIIRS-NOAA-21,NOAA-21,VIIRS,59.1,-0.6,7.8,Nominal,N,0.64,0.72,true,true,Puntos_de_calor_Colombia_2026-10-01.csv,2026-10-01T18:27:05Z
53c1d3ee3c4c00ba1162912d,2026-10-01T00:14-05:00,2026-10-01T05:14:00Z,2026-10-01,5.98821,-68.8666,VIIRS-NOAA-21,NOAA-21,VIIRS,45,2.1,11.8,Nominal,N,0.64,0.72,true,true,Puntos_de_calor_Colombia_2026-10-01.csv,2026-10-01T18:27:05Z
870bdbd16c0df5dfd47d5f67,2026-10-01T00:14-05:00,2026-10-01T05:14:00Z,2026-10-01,5.99407,-68.86006,VIIRS-NOAA-21,NOAA-21,VIIRS,76.5,0.6,11.8,Nominal,N,0.64,0.72,true,true,Puntos_de_calor_Colombia_2026-10-01.csv,2026-10-01T18:27:05Z
dd42409271b344ede043da5f,2026-10-01T00:14-05:00,2026-10-01T05:14:00Z,2026-10-01,5.98668,-68.85514,VIIRS-NOAA-21,NOAA-21,VIIRS,28.8,-1.1,7.8,Nominal,N,0.64,0.72,true,true,Puntos_de_calor_Colombia_2026-10-01.csv,2026-10-01T18:27:05Z
088fef29baff29636816b693,2026-10-01T00:53-05:00,2026-10-01T05:53:00Z,2026-10-01,3.57977,-71.92667,VIIRS-Suomi-NPP,Suomi-NPP,VIIRS,93.9,9.9,4.8,Alta,N,0.36,0.57,true,false,Puntos_de_calor_Colombia_2026-10-01.csv,2026-10-01T18:27:05Z
0c852fa14d99cfbad589c224,2026-10-01T00:53-05:00,2026-10-01T05:53:00Z,2026-10-01,3.60197,-71.93015,VIIRS-Suomi-NPP,Suomi-NPP,VIIRS,39.9,10.7,1.7,Nominal,N,0.36,0.57,true,false,Puntos_de_calor_Colombia_2026-10-01.csv,2026-10-01T18:27:05Z
104f7527f0efe3e93d83c80a,2026-10-01T00:53-05:00,2026-10-01T05:53:00Z,2026-10-01,5.80973,-69.19466,VIIRS-Suomi-NPP,Suomi-NPP,VIIRS,39.8,16,6.4,Nominal,N,0.5,0.49,true,false,Puntos_de_calor_Colombia_2026-10-01.csv,2026-10-01T18:27:05Z
1903b3cee2a1c0e0a1e25fcd,2026-10-01T00:53-05:00,2026-10-01T05:53:00Z,2026-10-01,5.80519,-69.19535,VIIRS-Suomi-NPP,Suomi-NPP,VIIRS,66.7,16.9,6.4,Nominal,N,0.5,0.49,true,false,Puntos_de_calor_Colombia_2026-10-01.csv,2026-10-01T18:27:05Z
2abbe830dbc9011d766160c8,2026-10-01T00:53-05:00,2026-10-01T05:53:00Z,2026-10-01,3.57495,-71.93074,VIIRS-Suomi-NPP,Suomi-NPP,VIIRS,28,9.1,,Nominal,N,0.36,0.57,true,false,Puntos_de_calor_Colombia_2026-10-01.csv,2026-10-01T18:27:05Z
31fa7a3880f110e1d8e5fb6a,2026-10-01T00:53-05:00,2026-10-01T05:53:00Z,2026-10-01,5.98001,-68.84801,VIIRS-Suomi-NPP,Suomi-NPP,VIIRS,60,12.8,5.6,Nominal,N,0.48,0.48,true,false,Puntos_de_calor_Colombia_2026-10-01.csv,2026-10-01T18:27:05Z
376cf2aef3a2bdf630da1ab7,2026-10-01T00:53-05:00,2026-10-01T05:53:00Z,2026-10-01,5.55248,-69.25227,VIIRS-Suomi-NPP,Suomi-NPP,VIIRS,41.5,16.6,1,Nominal,N,0.5,0.49,true,false,Puntos_de_calor_Colombia_2026-10-01.csv,2026-10-01T18:27:05Z
3f8387a9411236077e4201a7,2026-10-01T00:53-05:00,2026-10-01T05:53:00Z,2026-10-01,5.97703,-68.84627,VIIRS-Suomi-NPP,Suomi-NPP,VIIRS,32.4,13,1.9,Nominal,N,0.48,0.48,true,false,Puntos_de_calor_Colombia_2026-10-01.csv,2026-10-01T18:27:05Z
43f6de5d28466dd7ca068db1,2026-10-01T00:53-05:00,2026-10-01T05:53:00Z,2026-10-01,5.56223,-69.25548,VIIRS-Suomi-NPP,Suomi-NPP,VIIRS,53.4,16.7,2,Nominal,N,0.5,0.49,true,false,Puntos_de_calor_Colombia_2026-10-01.csv,2026-10-01T18:27:05Z
487015398c1442b22d6df97f,2026-10-01T00:53-05:00,2026-10-01T05:53:00Z,2026-10-01,5.98657,-68.84928,VIIRS-Suomi-NPP,Suomi-NPP,VIIRS,29.9,11.4,,Nominal,N,0.48,0.48,true,false,Puntos_de_calor_Colombia_2026-10-01.csv,2026-10-01T18:27:05Z
5688edb298cecc3768b6b5a2,2026-10-01T00:53-05:00,2026-10-01T05:53:00Z,2026-10-01,5.99167,-68.85299,VIIRS-Suomi-NPP,Suomi-NPP,VIIRS,25.8,5.5,1,Nominal,N,0.48,0.48,true,false,Puntos_de_calor_Colombia_2026-10-01.csv,2026-10-01T18:27:05Z
68da3eb53084aacb885f704f,2026-10-01T00:53-05:00,2026-10-01T05:53:00Z,2026-10-01,5.20365,-69.70249,VIIRS-Suomi-NPP,Suomi-NPP,VIIRS,71.1,15,6.5,Nominal,N,0.53,0.5,true,false,Puntos_de_calor_Colombia_2026-10-01.csv,2026-10-01T18:27:05Z
771fea4116a821b24b380af4,2026-10-01T00:53-05:00,2026-10-01T05:53:00Z,2026-10-01,3.60246,-71.93343,VIIRS-Suomi-NPP,Suomi-NPP,VIIRS,38.5,10.6,3.7,Nominal,N,0.36,0.57,true,false,Puntos_de_calor_Colombia_2026-10-01.csv,2026-10-01T18:27:05Z
7bc7dd424f54c1b62f58dc43,2026-10-01T00:53-05:00,2026-10-01T05:53:00Z,2026-10-01,5.19899,-69.70318,VIIRS-Suomi-NPP,Suomi-NPP,VIIRS,43,14.1,6.5,Nominal,N,0.53,0.5,true,false,Puntos_de_calor_Colombia_2026-10-01.csv,2026-10-01T18:27:05Z
7e4ad942f579d13fff9dbd30,2026-10-01T00:53-05:00,2026-10-01T05:53:00Z,2026-10-01,5.8045,-69.19076,VIIRS-Suomi-NPP,Suomi-NPP,VIIRS,80.5,17.1,6.2,Nominal,N,0.5,0.49,true,false,Puntos_de_calor_Colombia_2026-10-01.csv,2026-10-01T18:27:05Z
87c7e1179704c827cc05cdbe,2026-10-01T00:53-05:00,2026-10-01T05:53:00Z,2026-10-01,5.98213,-68.84995,VIIRS-Suomi-NPP,Suomi-NPP,VIIRS,34.2,12.4,1.9,Nominal,N,0.48,0.48,true,false,Puntos_de_calor_Colombia_2026-10-01.csv,2026-10-01T18:27:05Z
8a147dec0df7eb13ceaa5da4,2026-10-01T00:53-05:00,2026-10-01T05:53:00Z,2026-10-01,5.21369,-69.70596,VIIRS-Suomi-NPP,Suomi-NPP,VIIRS,33.3,14.4,2.1,Nominal,N,0.53,0.5,true,false,Puntos_de_calor_Colombia_2026-10-01.csv,2026-10-01T18:27:05Z
8c5ac331bd3288da802cb445,2026-10-01T00:53-05:00,2026-10-01T05:53:00Z,2026-10-01,5.55702,-69.25158,VIIRS-Suomi-NPP,Suomi-NPP,VIIRS,37.1,16.5,1,Nominal,N,0.5,0.49,true,false,Puntos_de_calor_Colombia_2026-10-01.csv,2026-10-01T18:27:05Z
8f0062c40cb78cd83688dcdb,2026-10-01T00:53-05:00,2026-10-01T05:53:00Z,2026-10-01,5.20903,-69.70665,VIIRS-Suomi-NPP,Suomi-NPP,VIIRS,53.3,14.4,2.1,Nominal,N,0.53,0.5,true,false,Puntos_de_calor_Colombia_2026-10-01.csv,2026-10-01T18:27:05Z
a361a0c6c773b8e87715d9a4,2026-10-01T00:53-05:00,2026-10-01T05:53:00Z,2026-10-01,3.60728,-71.92938,VIIRS-Suomi-NPP,Suomi-NPP,VIIRS,65.7,10.8,1.7,Nominal,N,0.36,0.57,true,false,Puntos_de_calor_Colombia_2026-10-01.csv,2026-10-01T18:27:05Z
a46793b591eb79c53c706306,2026-10-01T00:53-05:00,2026-10-01T05:53:00Z,2026-10-01,5.56678,-69.2548,VIIRS-Suomi-NPP,Suomi-NPP,VIIRS,36.6,16.2,2,Nominal,N,0.5,0.49,true,false,Puntos_de_calor_Colombia_2026-10-01.csv,2026-10-01T18:27:05Z
d029058385ccabb610f22070,2026-10-01T00:53-05:00,2026-10-01T05:53:00Z,2026-10-01,5.98148,-68.84562,VIIRS-Suomi-NPP,Suomi-NPP,VIIRS,53.4,12.7,1.9,Nominal,N,0.48,0.48,true,false,Puntos_de_calor_Colombia_2026-10-01.csv,2026-10-01T18:27:05Z
dcdd8c16b4bdd13645880814,2026-10-01T00:53-05:00,2026-10-01T05:53:00Z,2026-10-01,3.5793,-71.92342,VIIRS-Suomi-NPP,Suomi-NPP,VIIRS,42.3,9.1,4.8,Nominal,N,0.36,0.57,true,false,Puntos_de_calor_Colombia_2026-10-01.csv,2026-10-01T18:27:05Z
ece2397b7ed6917db4328c16,2026-10-01T00:53-05:00,2026-10-01T05:53:00Z,2026-10-01,5.17298,-69.78674,VIIRS-Suomi-NPP,Suomi-NPP,VIIRS,44.1,14.4,2.3,Nominal,N,0.54,0.51,true,false,Puntos_de_calor_Colombia_2026-10-01.csv,2026-10-01T18:27:05Z
f4644640fd74cbe559e024cd,2026-10-01T00:53-05:00,2026-10-01T05:53:00Z,2026-10-01,3.60679,-71.92612,VIIRS-Suomi-NPP,Suomi-NPP,VIIRS,45.5,10.2,1.7,Nominal,N,0.36,0.57,true,false,Puntos_de_calor_Colombia_2026-10-01.csv,2026-10-01T18:27:05Z
faa857775d9df286f5ed5828,2026-10-01T00:53-05:00,2026-10-01T05:53:00Z,2026-10-01,3.58026,-71.92995,VIIRS-Suomi-NPP,Suomi-NPP,VIIRS,77.7,9.9,9.6,Nominal,N,0.36,0.57,true,false,Puntos_de_calor_Colombia_2026-10-01.csv,2026-10-01T18:27:05Z
ff1f1fa71a559ea3833b7206,2026-10-01T00:53-05:00,2026-10-01T05:53:00Z,2026-10-01,5.80382,-69.18616,VIIRS-Suomi-NPP,Suomi-NPP,VIIRS,36.5,16,6.2,Nominal,N,0.5,0.49,true,false,Puntos_de_calor_Colombia_2026-10-01.csv,2026-10-01T18:27:05Z
0509482063d3a25162de45cf,2026-10-01T01:10-05:00,2026-10-01T06:10:00Z,2026-10-01,5.80686,-69.18976,VIIRS-NOAA-20,NOAA-20,VIIRS,52.8,9.1,2.5,Nominal,N,0.38,0.36,true,true,Puntos_de_calor_Colombia_2026-10-01.csv,2026-10-01T18:27:05Z
0e9ca703a062e80729ffd802,2026-10-01T01:10-05:00,2026-10-01T06:10:00Z,2026-10-01,5.54736,-69.82949,VIIRS-NOAA-20,NOAA-20,VIIRS,78.4,17.2,7.1,Nominal,N,0.39,0.36,true,true,Puntos_de_calor_Colombia_2026-10-01.csv,2026-10-01T18:27:05Z
13505b7c0631ca7c6eb7a3d9,2026-10-01T01:10-05:00,2026-10-01T06:10:00Z,2026-10-01,5.8074,-69.1932,VIIRS-NOAA-20,NOAA-20,VIIRS,36.7,10.1,1.4,Nominal,N,0.38,0.36,true,true,Puntos_de_calor_Colombia_2026-10-01.csv,2026-10-01T18:27:05Z
1c3249f28305cfb5e1d50285,2026-10-01T01:10-05:00,2026-10-01T06:10:00Z,2026-10-01,5.56563,-69.256,VIIRS-NOAA-20,NOAA-20,VIIRS,41.1,16.1,1.3,Nominal,N,0.38,0.36,true,true,Puntos_de_calor_Colombia_2026-10-01.csv,2026-10-01T18:27:05Z
26d71ccbcf8c6842c74d82f0,2026-10-01T01:10-05:00,2026-10-01T06:10:00Z,2026-10-01,5.99517,-68.85583,VIIRS-NOAA-20,NOAA-20,VIIRS,77,13.3,7.5,Nominal,N,0.38,0.36,true,true,Puntos_de_calor_Colombia_2026-10-01.csv,2026-10-01T18:27:05Z
2c4b6114e23b523d694683a7,2026-10-01T01:10-05:00,2026-10-01T06:10:00Z,2026-10-01,5.20449,-69.70184,VIIRS-NOAA-20,NOAA-20,VIIRS,55.2,14.3,4.5,Nominal,N,0.39,0.36,true,true,Puntos_de_calor_Colombia_2026-10-01.csv,2026-10-01T18:27:05Z
353e3aecaaf0c0840ddcad20,2026-10-01T01:10-05:00,2026-10-01T06:10:00Z,2026-10-01,5.80795,-69.19664,VIIRS-NOAA-20,NOAA-20,VIIRS,49.3,9.8,1.4,Nominal,N,0.38,0.36,true,true,Puntos_de_calor_Colombia_2026-10-01.csv,2026-10-01T18:27:05Z
417855a277e00ba80aa06eaa,2026-10-01T01:10-05:00,2026-10-01T06:10:00Z,2026-10-01,5.80465,-69.19717,VIIRS-NOAA-20,NOAA-20,VIIRS,33.6,4.6,3.6,Nominal,N,0.38,0.36,true,true,Puntos_de_calor_Colombia_2026-10-01.csv,2026-10-01T18:27:05Z
4f0a130325265c0ff0bb6523,2026-10-01T01:10-05:00,2026-10-01T06:10:00Z,2026-10-01,5.56178,-69.25307,VIIRS-NOAA-20,NOAA-20,VIIRS,41.2,16.3,,Nominal,N,0.38,0.36,true,true,Puntos_de_calor_Colombia_2026-10-01.csv,2026-10-01T18:27:05Z
53f4baa16e96d6e56b44cce6,2026-10-01T01:10-05:00,2026-10-01T06:10:00Z,2026-10-01,5.20835,-69.70477,VIIRS-NOAA-20,NOAA-20,VIIRS,60.4,14.6,3.4,Nominal,N,0.39,0.36,true,true,Puntos_de_calor_Colombia_2026-10-01.csv,2026-10-01T18:27:05Z
5d14de10e223005cf5c519c0,2026-10-01T01:10-05:00,2026-10-01T06:10:00Z,2026-10-01,5.20504,-69.70529,VIIRS-NOAA-20,NOAA-20,VIIRS,61.9,17.9,8.2,Nominal,N,0.39,0.36,true,true,Puntos_de_calor_Colombia_2026-10-01.csv,2026-10-01T18:27:05Z
60f15c22de4a8e8ac73c6100,2026-10-01T01:10-05:00,2026-10-01T06:10:00Z,2026-10-01,5.55187,-69.25463,VIIRS-NOAA-20,NOAA-20,VIIRS,33.3,16.8,,Nominal,N,0.38,0.36,true,true,Puntos_de_calor_Colombia_2026-10-01.csv,2026-10-01T18:27:05Z
6cc127086338ea18e9faa4ec,2026-10-01T01:10-05:00,2026-10-01T06:10:00Z,2026-10-01,5.55518,-69.25411,VIIRS-NOAA-20,NOAA-20,VIIRS,42.4,16.6,,Nominal,N,0.38,0.36,true,true,Puntos_de_calor_Colombia_2026-10-01.csv,2026-10-01T18:27:05Z
6e7f150cdbb0d7f5bd3736f8,2026-10-01T01:10-05:00,2026-10-01T06:10:00Z,2026-10-01,5.80026,-69.1908,VIIRS-NOAA-20,NOAA-20,VIIRS,24.1,5.7,1.5,Nominal,N,0.38,0.36,true,true,Puntos_de_calor_Colombia_2026-10-01.csv,2026-10-01T18:27:05Z
86e9602de1575b9633f60cc1,2026-10-01T01:10-05:00,2026-10-01T06:10:00Z,2026-10-01,5.8041,-69.19373,VIIRS-NOAA-20,NOAA-20,VIIRS,65.3,8.5,3.6,Nominal,N,0.38,0.36,true,true,Puntos_de_calor_Colombia_2026-10-01.csv,2026-10-01T18:27:05Z
925efec173103248cf847c19,2026-10-01T01:10-05:00,2026-10-01T06:10:00Z,2026-10-01,9.72224,-73.52322,VIIRS-NOAA-20,NOAA-20,VIIRS,23.1,-8.5,,Nominal,N,0.41,0.45,true,true,Puntos_de_calor_Colombia_2026-10-01.csv,2026-10-01T18:27:05Z
c38e24603d9b505edce55fe9,2026-10-01T01:10-05:00,2026-10-01T06:10:00Z,2026-10-01,5.80301,-69.18683,VIIRS-NOAA-20,NOAA-20,VIIRS,31.8,8.1,1.5,Nominal,N,0.38,0.36,true,true,Puntos_de_calor_Colombia_2026-10-01.csv,2026-10-01T18:27:05Z
d23684ad27a7bf025204b02b,2026-10-01T01:10-05:00,2026-10-01T06:10:00Z,2026-10-01,5.55848,-69.25359,VIIRS-NOAA-20,NOAA-20,VIIRS,34.8,14.2,,Nominal,N,0.38,0.36,true,true,Puntos_de_calor_Colombia_2026-10-01.csv,2026-10-01T18:27:05Z
d391db96459784eeced50a1a,2026-10-01T01:10-05:00,2026-10-01T06:10:00Z,2026-10-01,5.80356,-69.19028,VIIRS-NOAA-20,NOAA-20,VIIRS,65.8,7.2,1.5,Nominal,N,0.38,0.36,true,true,Puntos_de_calor_Colombia_2026-10-01.csv,2026-10-01T18:27:05Z
f263be7b3b5ac25ca1d8a5d6,2026-10-01T01:10-05:00,2026-10-01T06:10:00Z,2026-10-01,5.2122,-69.70772,VIIRS-NOAA-20,NOAA-20,VIIRS,52.5,14,3.4,Nominal,N,0.39,0.36,true,true,Puntos_de_calor_Colombia_2026-10-01.csv,2026-10-01T18:27:05Z
f28f7eb079cc4086ffa544d1,2026-10-01T01:10-05:00,2026-10-01T06:10:00Z,2026-10-01,5.8008,-69.19424,VIIRS-NOAA-20,NOAA-20,VIIRS,23.1,-0.3,3.6,Nominal,N,0.38,0.36,true,true,Puntos_de_calor_Colombia_2026-10-01.csv,2026-10-01T18:27:05Z
08f598b418ba4df27d043196,2026-10-01T01:12-05:00,2026-10-01T06:12:00Z,2026-10-01,3.58012,-71.9234,VIIRS-NOAA-20,NOAA-20,VIIRS,65.2,18.2,11.7,Nominal,N,0.43,0.38,true,true,Puntos_de_calor_Colombia_2026-10-01.csv,2026-10-01T18:27:05Z
320e2aae3a895b7384147976,2026-10-01T01:12-05:00,2026-10-01T06:12:00Z,2026-10-01,3.58072,-71.92722,VIIRS-NOAA-20,NOAA-20,VIIRS,81.2,18.1,11.7,Nominal,N,0.43,0.38,true,true,Puntos_de_calor_Colombia_2026-10-01.csv,2026-10-01T18:27:05Z
729d67120c6cf739b7006202,2026-10-01T01:12-05:00,2026-10-01T06:12:00Z,2026-10-01,3.60565,-71.92735,VIIRS-NOAA-20,NOAA-20,VIIRS,61.6,16,3.5,Nominal,N,0.43,0.38,true,true,Puntos_de_calor_Colombia_2026-10-01.csv,2026-10-01T18:27:05Z
fc152adfc2a3187a1215b1c0,2026-10-01T01:12-05:00,2026-10-01T06:12:00Z,2026-10-01,4.77506,-70.57931,VIIRS-NOAA-20,NOAA-20,VIIRS,47,9.4,2.6,Nominal,N,0.4,0.37,true,true,Puntos_de_calor_Colombia_2026-10-01.csv,2026-10-01T18:27:05Z
dc8f17cbf3c2a36fd71f3451,2026-10-01T01:54-05:00,2026-10-01T06:54:00Z,2026-10-01,10.31846,-75.48728,VIIRS-NOAA-21,NOAA-21,VIIRS,30.7,-4.3,1.2,Nominal,N,0.4,0.45,true,true,Puntos_de_calor_Colombia_2026-10-01.csv,2026-10-01T18:27:05Z
3ce650e9d7e7a98ed985276a,2026-10-01T03:24-05:00,2026-10-01T08:24:00Z,2026-10-01,4.77543,-70.57665,MODIS-Aqua,Aqua,MODIS,42,11.7,15.1,91 %,N,1.03,1.01,true,true,Puntos_de_calor_Colombia_2026-10-01.csv,2026-10-01T18:27:05Z
84d04acbcb786402fd7ca4f1,2026-10-01T03:24-05:00,2026-10-01T08:24:00Z,2026-10-01,4.77678,-70.58559,MODIS-Aqua,Aqua,MODIS,29.2,12.8,5.1,36 %,N,1.03,1.01,true,true,Puntos_de_calor_Colombia_2026-10-01.csv,2026-10-01T18:27:05Z
ed3cdf67e3668abfeb7e8903,2026-10-01T09:16-05:00,2026-10-01T14:16:00Z,2026-10-01,5.5419,-76.06194,MODIS-Terra,Terra,MODIS,26.9,9.7,15.4,8 %,D,3,1.65,true,true,Puntos_de_calor_Colombia_2026-10-01.csv,2026-10-01T18:27:05Z
fc3403bc0dd1a59891667f49,2026-10-01T09:16-05:00,2026-10-01T14:16:00Z,2026-10-01,5.52703,-76.06076,MODIS-Terra,Terra,MODIS,27.6,9.3,15.5,13 %,D,3,1.65,true,true,Puntos_de_calor_Colombia_2026-10-01.csv,2026-10-01T18:27:05Z
