period,scenario,hotspots,departments,municipalities,runap,mining,anlaWithin5,anhWithin5
2026-07-01,A,325,17,100,9,49,149,117
2026-07-01,B,248,16,92,7,35,120,99
2026-07-02,A,137,16,61,11,24,89,71
2026-07-02,B,79,14,41,6,22,51,43
2026-07-03,A,121,10,41,18,33,62,21
2026-07-03,B,76,8,34,13,23,40,15
2026-07-04,A,7,3,4,3,2,1,3
2026-07-04,B,5,2,3,2,1,0,3
2026-07-05,A,138,17,68,19,20,88,48
2026-07-05,B,106,16,57,16,14,64,32
2026-07-06,A,467,23,168,41,93,289,152
2026-07-06,B,359,23,147,26,69,223,111
2026-07-07,A,520,21,168,84,72,311,184
2026-07-07,B,314,21,131,52,46,192,107
2026-07-08,A,518,20,138,44,90,328,235
2026-07-08,B,294,19,113,18,56,189,142
2026-07-09,A,23,8,12,0,9,18,20
2026-07-09,B,18,7,11,0,7,13,15
2026-07-10,A,183,21,63,8,19,77,52
2026-07-10,B,176,21,62,8,19,71,48
2026-07-11,A,166,21,60,29,27,83,66
2026-07-11,B,166,21,60,29,27,83,66
2026-07-12,A,42,10,22,5,5,21,16
2026-07-12,B,42,10,22,5,5,21,16
2026-07-13,A,256,19,73,15,26,148,70
2026-07-13,B,256,19,73,15,26,148,70
2026-07-14,A,485,22,155,27,60,273,173
2026-07-14,B,485,22,155,27,60,273,173
2026-07-15,A,610,22,141,65,75,308,203
2026-07-15,B,610,22,141,65,75,308,203
2026-07-16,A,807,25,199,139,118,436,310
2026-07-16,B,807,25,199,139,118,436,310
2026-07-17,A,1272,21,194,152,227,639,464
2026-07-17,B,894,21,185,109,166,463,332
2026-07-18,A,434,17,109,41,75,222,162
2026-07-18,B,241,17,87,27,44,129,91
2026-07-19,A,63,10,24,0,7,37,17
2026-07-19,B,40,9,18,0,4,26,12
2026-07-20,A,142,9,28,7,18,54,39
2026-07-20,B,110,9,25,4,13,44,31
2026-07-21,A,338,18,70,2,44,216,122
2026-07-21,B,255,18,63,2,37,164,92
2026-07-22,A,389,22,131,24,78,267,188
2026-07-22,B,282,21,109,15,55,202,143
2026-07-23,A,10,5,7,1,2,8,4
2026-07-23,B,7,4,4,1,1,6,4
2026-07-24,A,596,21,119,28,84,298,177
2026-07-24,B,336,18,87,18,48,161,101
2026-07-25,A,735,25,144,67,135,368,271
2026-07-25,B,518,25,129,52,97,269,190
2026-07-26,A,88,15,30,3,11,46,31
2026-07-26,B,38,12,20,2,8,25,13
2026-07-27,A,273,21,71,11,82,108,64
2026-07-27,B,201,20,64,10,58,81,48
2026-07-28,A,733,25,182,35,153,418,290
2026-07-28,B,478,24,149,26,97,262,192
2026-07-29,A,748,26,166,51,134,370,267
2026-07-29,B,326,23,118,20,74,161,119
2026-07-30,A,661,23,163,44,90,369,218
2026-07-30,B,462,21,151,32,59,264,151
2026-07-31,A,295,18,93,33,62,194,122
2026-07-31,B,188,17,75,19,40,120,80
2026-08-01,A,881,24,157,38,158,432,334
2026-08-01,B,678,24,148,31,120,337,246
2026-08-02,A,926,26,183,28,138,484,286
2026-08-02,B,696,25,159,23,111,364,213
2026-08-03,A,237,16,47,13,17,192,133
2026-08-03,B,237,16,47,13,17,192,133
2026-08-04,A,425,23,72,14,54,210,146
2026-08-04,B,288,23,62,12,42,148,109
2026-08-05,A,79,11,31,6,14,48,33
2026-08-05,B,52,10,27,4,12,30,24
2026-08-06,A,95,11,27,4,17,31,21
2026-08-06,B,67,11,24,3,11,22,16
2026-08-07,A,545,22,143,45,101,307,164
2026-08-07,B,416,21,126,38,68,232,113
2026-08-08,A,1056,22,167,90,159,521,360
2026-08-08,B,624,20,129,61,103,293,215
2026-08-09,A,666,25,126,22,114,342,211
2026-08-09,B,420,23,100,16,79,217,139
2026-08-10,A,2302,29,308,137,488,1196,724
2026-08-10,B,1662,29,292,94,374,908,569
2026-08-11,A,1964,29,254,104,554,1039,624
2026-08-11,B,1381,29,239,70,367,733,457
2026-08-12,A,1387,26,213,88,340,936,549
2026-08-12,B,1048,26,201,72,248,709,419
2026-08-13,A,894,27,183,47,148,495,287
2026-08-13,B,596,27,152,30,110,334,184
2026-08-14,A,702,23,116,57,112,423,326
2026-08-14,B,389,20,86,28,60,221,180
2026-08-15,A,454,20,112,25,110,262,190
2026-08-15,B,358,20,104,22,77,207,156
2026-08-16,A,109,14,35,6,40,79,45
2026-08-16,B,80,12,31,5,32,57,33
2026-08-17,A,9,5,7,1,2,6,3
2026-08-17,B,8,4,6,1,1,5,2
2026-08-18,A,137,12,31,10,23,76,30
2026-08-18,B,95,12,25,3,15,41,16
2026-08-19,A,714,25,160,31,46,454,369
2026-08-19,B,350,24,109,12,34,205,159
2026-08-20,A,1075,25,195,48,226,696,467
2026-08-20,B,760,23,178,37,160,488,320
2026-08-21,A,649,23,130,29,93,398,285
2026-08-21,B,412,22,109,12,52,246,174
2026-08-22,A,192,13,34,0,33,75,40
2026-08-22,B,143,12,27,0,22,55,33
2026-08-23,A,290,19,77,25,78,166,112
2026-08-23,B,228,19,66,20,56,123,81
2026-08-24,A,486,24,100,16,71,231,120
2026-08-24,B,267,17,66,8,44,122,52
2026-08-25,A,837,25,166,40,247,490,324
2026-08-25,B,545,24,139,23,157,323,203
2026-08-26,A,302,18,72,16,85,244,177
2026-08-26,B,216,17,68,11,62,175,134
2026-08-27,A,492,24,104,25,116,223,138
2026-08-27,B,297,23,80,11,60,129,84
2026-08-28,A,484,23,111,19,102,324,235
2026-08-28,B,289,22,92,14,59,192,135
2026-08-29,A,279,19,64,5,32,149,98
2026-08-29,B,197,17,54,3,25,105,72
2026-08-30,A,208,19,52,10,37,103,60
2026-08-30,B,107,14,35,6,19,50,28
2026-08-31,A,433,23,81,13,53,145,120
2026-08-31,B,284,23,75,10,35,113,100
2026-09-01,A,434,23,85,11,54,162,124
2026-09-01,B,312,21,74,8,32,122,94
2026-09-02,A,322,21,95,15,40,165,102
2026-09-02,B,248,20,84,13,27,141,85
2026-09-03,A,292,24,85,10,45,164,109
2026-09-03,B,206,22,68,8,29,116,74
